Feature,Importance
Income,0.1012949508338648
Age,0.0862314998634217
Experience,0.06468962759978038
CURRENT_JOB_YRS,0.06054553000517368
CURRENT_HOUSE_YRS,0.051777991911552995
x2_yes,0.007545854782872503
x2_no,0.007457737202039327
x5_Uttar_Pradesh,0.0055062833348171305
x5_Andhra_Pradesh,0.005455835505381684
x5_West_Bengal,0.005162128835360258
